{"GFLOPS": 4.04e-05, "graph": {"_type": "graph-file", "sha256": "7a1be504c9a4b3eed1a858ce7fffd9fd8d7a5cb6400bb3e4b9a9ea3d1142f5ce", "size": 859, "path": "media/graph/graph_summary_7a1be504c9a4b3eed1a8.graph.json"}, "epoch": 4, "_timestamp": 1659004205, "_runtime": 139, "loss": 0.01610635779798031, "accuracy": 0.9943938851356506, "val_loss": 0.023527532815933228, "val_accuracy": 0.9926734566688538, "_step": 4, "best_val_loss": 0.023527532815933228, "best_epoch": 4, "_wandb": {"runtime": 141}}