{"GFLOPS": 4.04e-05, "graph": {"_type": "graph-file", "sha256": "7a1be504c9a4b3eed1a858ce7fffd9fd8d7a5cb6400bb3e4b9a9ea3d1142f5ce", "size": 859, "path": "media/graph/graph_summary_7a1be504c9a4b3eed1a8.graph.json"}, "epoch": 4, "_timestamp": 1659004542, "_runtime": 142, "loss": 0.0164019875228405, "accuracy": 0.9944583177566528, "val_loss": 0.02432071417570114, "val_accuracy": 0.9925156235694885, "_step": 4, "best_val_loss": 0.02432071417570114, "best_epoch": 4, "_wandb": {"runtime": 144}}