{"GFLOPS": 4.04e-05, "graph": {"_type": "graph-file", "sha256": "7a1be504c9a4b3eed1a858ce7fffd9fd8d7a5cb6400bb3e4b9a9ea3d1142f5ce", "size": 859, "path": "media/graph/graph_summary_7a1be504c9a4b3eed1a8.graph.json"}, "epoch": 4, "_timestamp": 1658660485, "_runtime": 158, "loss": 0.014351296238601208, "accuracy": 0.9953458905220032, "val_loss": 0.022467663511633873, "val_accuracy": 0.9931801557540894, "_step": 4, "best_val_loss": 0.022467663511633873, "best_epoch": 4, "_wandb": {"runtime": 155}}