{"GFLOPS": 4.04e-05, "graph": {"_type": "graph-file", "sha256": "7a1be504c9a4b3eed1a858ce7fffd9fd8d7a5cb6400bb3e4b9a9ea3d1142f5ce", "size": 859, "path": "media/graph/graph_summary_7a1be504c9a4b3eed1a8.graph.json"}, "epoch": 4, "_timestamp": 1658657642, "_runtime": 167, "loss": 0.01447827834635973, "accuracy": 0.9952793717384338, "val_loss": 0.022824814543128014, "val_accuracy": 0.9930306077003479, "_step": 4, "best_val_loss": 0.022824814543128014, "best_epoch": 4, "_wandb": {"runtime": 164}}