{"GFLOPS": 4.04e-05, "graph": {"_type": "graph-file", "sha256": "7a1be504c9a4b3eed1a858ce7fffd9fd8d7a5cb6400bb3e4b9a9ea3d1142f5ce", "size": 859, "path": "media/graph/graph_summary_7a1be504c9a4b3eed1a8.graph.json"}, "epoch": 9, "_timestamp": 1659288243, "_runtime": 233, "loss": 0.006557764019817114, "accuracy": 0.9978818297386169, "val_loss": 0.02694704756140709, "val_accuracy": 0.9929768443107605, "_step": 9, "best_val_loss": 0.025888709351420403, "best_epoch": 8}