{"GFLOPS": 4.04e-05, "graph": {"_type": "graph-file", "sha256": "7a1be504c9a4b3eed1a858ce7fffd9fd8d7a5cb6400bb3e4b9a9ea3d1142f5ce", "size": 859, "path": "media/graph/graph_summary_7a1be504c9a4b3eed1a8.graph.json"}, "epoch": 19, "_timestamp": 1659180753, "_runtime": 470, "loss": 0.0017623886233195662, "accuracy": 0.9994950294494629, "val_loss": 0.03652391955256462, "val_accuracy": 0.9920884370803833, "_step": 19, "best_val_loss": 0.026250306516885757, "best_epoch": 7, "_wandb": {"runtime": 472}}